battery_level,altitude,velocity,gps_signal,obstacle_distance,decision,timestamp
100.0,50.0,12.0,9,25.0,CONTINUE,2026-03-09 16:52:47.537048
100.0,50.0,12.0,9,25.0,CONTINUE,2026-03-09 16:52:47.571509
62.0,50.0,12.0,9,25.0,CONTINUE,2026-03-09 16:52:53.914199
35.0,50.0,12.0,9,25.0,CONTINUE,2026-03-09 16:52:54.787418
22.0,50.0,12.0,9,25.0,CONTINUE,2026-03-09 16:52:56.039392
12.0,50.0,12.0,9,25.0,RETURN_HOME,2026-03-09 16:53:02.577337
13.0,50.0,12.0,9,25.0,RETURN_HOME,2026-03-09 16:56:25.545296
15.0,50.0,12.0,9,25.0,RETURN_HOME,2026-03-09 16:56:25.570870
16.0,50.0,12.0,9,25.0,RETURN_HOME,2026-03-09 16:56:25.591263
17.0,50.0,12.0,9,25.0,RETURN_HOME,2026-03-09 16:56:25.612224
20.0,50.0,12.0,9,25.0,RETURN_HOME,2026-03-09 16:56:25.636705
22.0,50.0,12.0,9,25.0,CONTINUE,2026-03-09 16:56:25.658180
28.0,50.0,12.0,9,25.0,CONTINUE,2026-03-09 16:56:25.676189
31.0,50.0,12.0,9,25.0,CONTINUE,2026-03-09 16:56:25.698506
35.0,50.0,12.0,9,25.0,CONTINUE,2026-03-09 16:56:25.718224
39.0,50.0,12.0,9,25.0,CONTINUE,2026-03-09 16:56:25.740510
44.0,50.0,12.0,9,25.0,CONTINUE,2026-03-09 16:56:25.762820
46.0,50.0,12.0,9,25.0,CONTINUE,2026-03-09 16:56:25.783899
50.0,50.0,12.0,9,25.0,CONTINUE,2026-03-09 16:56:25.803692
51.0,50.0,12.0,9,25.0,CONTINUE,2026-03-09 16:56:25.823344
54.0,50.0,12.0,9,25.0,CONTINUE,2026-03-09 16:56:25.849067
55.0,50.0,12.0,9,25.0,CONTINUE,2026-03-09 16:56:25.869174
53.0,50.0,12.0,9,25.0,CONTINUE,2026-03-09 16:56:26.048949
47.0,50.0,12.0,9,25.0,CONTINUE,2026-03-09 16:56:26.072805
45.0,50.0,12.0,9,25.0,CONTINUE,2026-03-09 16:56:26.094456
39.0,50.0,12.0,9,25.0,CONTINUE,2026-03-09 16:56:26.118068
38.0,50.0,12.0,9,25.0,CONTINUE,2026-03-09 16:56:26.143381
41.0,50.0,12.0,9,25.0,CONTINUE,2026-03-09 16:56:26.164807
34.0,50.0,12.0,9,25.0,CONTINUE,2026-03-09 16:56:26.191456
33.0,50.0,12.0,9,25.0,CONTINUE,2026-03-09 16:56:26.212158
36.0,50.0,12.0,9,25.0,CONTINUE,2026-03-09 16:56:26.231155
32.0,50.0,12.0,9,25.0,CONTINUE,2026-03-09 16:56:26.253541
31.0,50.0,12.0,9,25.0,CONTINUE,2026-03-09 16:56:26.437647
30.0,50.0,12.0,9,25.0,CONTINUE,2026-03-09 16:56:26.488559
31.0,50.0,12.0,9,25.0,CONTINUE,2026-03-09 16:56:26.674259
32.0,50.0,12.0,9,25.0,CONTINUE,2026-03-09 16:56:26.704879
33.0,50.0,12.0,9,25.0,CONTINUE,2026-03-09 16:56:26.725879
35.0,50.0,12.0,9,25.0,CONTINUE,2026-03-09 16:56:26.751252
40.0,50.0,12.0,9,25.0,CONTINUE,2026-03-09 16:56:26.773476
43.0,50.0,12.0,9,25.0,CONTINUE,2026-03-09 16:56:26.793329
48.0,50.0,12.0,9,25.0,CONTINUE,2026-03-09 16:56:26.814489
51.0,50.0,12.0,9,25.0,CONTINUE,2026-03-09 16:56:26.836465
53.0,50.0,12.0,9,25.0,CONTINUE,2026-03-09 16:56:26.860783
55.0,50.0,12.0,9,25.0,CONTINUE,2026-03-09 16:56:26.885276
57.0,50.0,12.0,9,25.0,CONTINUE,2026-03-09 16:56:26.920967
58.0,50.0,12.0,9,25.0,CONTINUE,2026-03-09 16:56:26.953005
59.0,50.0,12.0,9,25.0,CONTINUE,2026-03-09 16:56:26.977174
60.0,50.0,12.0,9,25.0,CONTINUE,2026-03-09 16:56:26.997046
61.0,50.0,12.0,9,25.0,CONTINUE,2026-03-09 16:56:27.017604
62.0,50.0,12.0,9,25.0,CONTINUE,2026-03-09 16:56:27.038520
63.0,50.0,12.0,9,25.0,CONTINUE,2026-03-09 16:56:27.060010
64.0,50.0,12.0,9,25.0,CONTINUE,2026-03-09 16:56:27.079966
64.0,296.0,12.0,9,25.0,CONTINUE,2026-03-09 16:56:28.120986
64.0,296.0,36.0,9,25.0,CONTINUE,2026-03-09 16:56:29.140783
64.0,296.0,36.0,18,25.0,CONTINUE,2026-03-09 16:56:30.013453
64.0,296.0,36.0,18,9.0,CONTINUE,2026-03-09 16:56:30.849474
64.0,296.0,87.0,18,9.0,CONTINUE,2026-03-09 16:56:31.927349
64.0,296.0,87.0,93,9.0,CONTINUE,2026-03-09 16:56:32.820499
64.0,296.0,87.0,16,9.0,CONTINUE,2026-03-09 16:56:34.083324
22.0,296.0,87.0,16,9.0,CONTINUE,2026-03-09 16:56:35.276156
10.0,296.0,87.0,16,9.0,RETURN_HOME,2026-03-09 16:56:36.079472
10.0,296.0,24.0,16,9.0,RETURN_HOME,2026-03-09 16:56:39.283184
10.0,415.0,24.0,16,9.0,RETURN_HOME,2026-03-09 16:56:41.585141
10.0,415.0,77.0,16,9.0,RETURN_HOME,2026-03-09 16:56:42.343119
10.0,415.0,77.0,16,85.0,RETURN_HOME,2026-03-09 16:56:44.757736
10.0,38.0,77.0,16,85.0,RETURN_HOME,2026-03-09 16:56:46.567511
10.0,38.0,6.0,16,85.0,RETURN_HOME,2026-03-09 16:56:47.783235
10.0,38.0,7.0,16,85.0,RETURN_HOME,2026-03-09 16:56:48.079339
10.0,38.0,11.0,16,85.0,RETURN_HOME,2026-03-09 16:56:48.107674
10.0,38.0,16.0,16,85.0,RETURN_HOME,2026-03-09 16:56:48.128693
10.0,38.0,21.0,16,85.0,RETURN_HOME,2026-03-09 16:56:48.153910
10.0,38.0,25.0,16,85.0,RETURN_HOME,2026-03-09 16:56:48.180894
10.0,38.0,28.0,16,85.0,RETURN_HOME,2026-03-09 16:56:48.203320
10.0,38.0,32.0,16,85.0,RETURN_HOME,2026-03-09 16:56:48.229765
10.0,38.0,36.0,16,85.0,RETURN_HOME,2026-03-09 16:56:48.253928
10.0,38.0,39.0,16,85.0,RETURN_HOME,2026-03-09 16:56:48.276588
10.0,38.0,42.0,16,85.0,RETURN_HOME,2026-03-09 16:56:48.302270
10.0,38.0,44.0,16,85.0,RETURN_HOME,2026-03-09 16:56:48.326801
10.0,38.0,48.0,16,85.0,RETURN_HOME,2026-03-09 16:56:48.347491
10.0,38.0,49.0,16,85.0,RETURN_HOME,2026-03-09 16:56:48.370491
10.0,38.0,46.0,16,85.0,RETURN_HOME,2026-03-09 16:56:48.390457
10.0,38.0,50.0,16,85.0,RETURN_HOME,2026-03-09 16:56:48.429232
10.0,38.0,50.0,50,85.0,RETURN_HOME,2026-03-09 16:56:48.592645
10.0,38.0,50.0,50,36.0,RETURN_HOME,2026-03-09 16:56:49.408565
10.0,38.0,50.0,50,11.0,RETURN_HOME,2026-03-09 16:56:50.123290
10.0,177.0,50.0,50,11.0,RETURN_HOME,2026-03-09 16:56:51.088285
10.0,177.0,81.0,50,11.0,RETURN_HOME,2026-03-09 16:56:52.589736
10.0,177.0,81.0,50,88.0,RETURN_HOME,2026-03-09 16:56:54.258194
10.0,177.0,17.0,50,88.0,RETURN_HOME,2026-03-09 16:56:55.293928
53.0,177.0,17.0,50,88.0,CONTINUE,2026-03-09 16:56:56.466442
53.0,373.0,17.0,50,88.0,CONTINUE,2026-03-09 16:56:57.314164
83.0,373.0,17.0,50,88.0,CONTINUE,2026-03-09 16:56:58.285231
70.0,373.0,17.0,50,88.0,CONTINUE,2026-03-09 16:56:59.224469
70.0,221.0,17.0,50,88.0,CONTINUE,2026-03-09 16:57:00.041714
70.0,131.0,17.0,50,88.0,CONTINUE,2026-03-09 16:57:00.778566
70.0,131.0,32.0,50,88.0,CONTINUE,2026-03-09 16:57:02.391547
70.0,131.0,74.0,50,88.0,CONTINUE,2026-03-09 16:57:03.110908
70.0,131.0,74.0,81,88.0,CONTINUE,2026-03-09 16:57:03.946149
70.0,131.0,74.0,20,88.0,CONTINUE,2026-03-09 16:57:04.844023
70.0,131.0,74.0,20,20.0,CONTINUE,2026-03-09 16:57:05.815757
70.0,242.0,74.0,20,20.0,CONTINUE,2026-03-09 16:57:06.976092
70.0,242.0,74.0,73,20.0,CONTINUE,2026-03-09 16:57:22.449629
70.0,242.0,12.0,73,20.0,CONTINUE,2026-03-09 16:57:24.130304
70.0,242.0,12.0,8,20.0,CONTINUE,2026-03-09 16:57:24.941076
70.0,242.0,12.0,8,91.0,CONTINUE,2026-03-09 16:57:25.922786
90.0,242.0,12.0,8,91.0,CONTINUE,2026-03-09 16:57:27.636828
5.0,242.0,12.0,8,91.0,RETURN_HOME,2026-03-09 16:57:28.534749
5.0,72.0,12.0,8,91.0,RETURN_HOME,2026-03-09 16:57:29.661723
5.0,310.0,12.0,8,91.0,RETURN_HOME,2026-03-09 16:57:30.731788
5.0,310.0,77.0,8,91.0,RETURN_HOME,2026-03-09 16:57:32.823081
5.0,310.0,77.0,78,91.0,RETURN_HOME,2026-03-09 16:57:33.916905
5.0,310.0,10.0,78,91.0,RETURN_HOME,2026-03-09 16:57:35.141347
5.0,41.0,10.0,78,91.0,RETURN_HOME,2026-03-09 16:57:36.302586
5.0,41.0,10.0,12,91.0,RETURN_HOME,2026-03-09 16:57:37.446817
5.0,41.0,10.0,12,16.0,RETURN_HOME,2026-03-09 16:57:38.457131
5.0,41.0,61.0,12,16.0,RETURN_HOME,2026-03-09 16:57:39.657629
5.0,346.0,61.0,12,16.0,RETURN_HOME,2026-03-09 16:57:40.571222
5.0,346.0,61.0,83,16.0,RETURN_HOME,2026-03-09 16:57:42.191201
83.0,346.0,61.0,83,16.0,CONTINUE,2026-03-09 16:57:44.023110
83.0,346.0,83.0,83,16.0,CONTINUE,2026-03-09 16:57:45.619285
100.0,346.0,83.0,83,16.0,CONTINUE,2026-03-09 16:57:46.889758
73.0,346.0,83.0,83,16.0,CONTINUE,2026-03-09 16:57:47.726713
0.0,346.0,83.0,83,16.0,RETURN_HOME,2026-03-09 16:57:49.144473
0.0,1.0,83.0,83,16.0,RETURN_HOME,2026-03-09 16:57:51.111158
0.0,1.0,0.0,83,16.0,RETURN_HOME,2026-03-09 16:57:52.511046
0.0,1.0,0.0,0,16.0,RETURN_HOME,2026-03-09 16:57:53.847576
0.0,1.0,0.0,0,0.0,RETURN_HOME,2026-03-09 16:57:55.029037
0.0,1.0,0.0,96,0.0,RETURN_HOME,2026-03-09 16:57:57.120087
0.0,1.0,89.0,96,0.0,RETURN_HOME,2026-03-09 16:57:58.140941
0.0,474.0,89.0,96,0.0,RETURN_HOME,2026-03-09 16:57:58.958436
89.0,474.0,89.0,96,0.0,HOLD,2026-03-09 16:57:59.712841
89.0,474.0,89.0,96,95.0,CONTINUE,2026-03-09 16:58:00.800823
89.0,474.0,89.0,96,83.0,CONTINUE,2026-03-09 16:58:03.566987
89.0,474.0,89.0,96,25.0,CONTINUE,2026-03-09 16:58:04.660348
89.0,474.0,89.0,96,9.0,CONTINUE,2026-03-09 16:58:05.546438
89.0,474.0,89.0,96,93.0,CONTINUE,2026-03-09 16:58:07.721462
89.0,474.0,89.0,82,93.0,CONTINUE,2026-03-09 16:58:08.554098
89.0,474.0,89.0,3,93.0,CONTINUE,2026-03-09 16:58:09.828686
89.0,474.0,89.0,90,93.0,CONTINUE,2026-03-09 16:58:11.252509
89.0,474.0,5.0,90,93.0,CONTINUE,2026-03-09 16:58:12.359230
89.0,474.0,92.0,90,93.0,CONTINUE,2026-03-09 16:58:13.346891
89.0,26.0,92.0,90,93.0,CONTINUE,2026-03-09 16:58:14.452884
89.0,464.0,92.0,90,93.0,CONTINUE,2026-03-09 16:58:15.634277
3.0,464.0,92.0,90,93.0,RETURN_HOME,2026-03-09 16:58:16.869386
93.0,464.0,92.0,90,93.0,CONTINUE,2026-03-09 16:58:18.007172
93.0,464.0,5.0,90,93.0,CONTINUE,2026-03-09 16:58:20.230002
93.0,464.0,5.0,5,93.0,CONTINUE,2026-03-09 16:58:20.989531
93.0,464.0,5.0,5,4.0,HOLD,2026-03-09 16:58:22.010735
93.0,464.0,93.0,5,4.0,HOLD,2026-03-09 16:58:24.005521
93.0,464.0,93.0,92,4.0,HOLD,2026-03-09 16:58:25.301473
93.0,464.0,93.0,24,4.0,HOLD,2026-03-09 16:58:30.893044
93.0,161.0,93.0,24,4.0,HOLD,2026-03-09 16:58:32.479461
23.0,161.0,93.0,24,4.0,HOLD,2026-03-09 16:58:33.485341
15.0,161.0,93.0,24,4.0,RETURN_HOME,2026-03-09 16:58:34.508087
85.0,161.0,93.0,24,4.0,HOLD,2026-03-09 16:58:37.429928
84.0,161.0,93.0,24,4.0,HOLD,2026-03-09 18:05:55.703052
74.0,161.0,93.0,24,4.0,HOLD,2026-03-09 18:05:55.731553
29.0,161.0,93.0,24,4.0,HOLD,2026-03-09 18:05:55.763603
60.0,161.0,93.0,24,4.0,HOLD,2026-03-09 18:05:55.789926
48.0,161.0,93.0,24,4.0,HOLD,2026-03-09 18:05:55.813759
41.0,161.0,93.0,24,4.0,HOLD,2026-03-09 18:05:55.839941
33.0,161.0,93.0,24,4.0,HOLD,2026-03-09 18:05:55.865977
26.0,161.0,93.0,24,4.0,HOLD,2026-03-09 18:05:55.891706
23.0,161.0,93.0,24,4.0,HOLD,2026-03-09 18:05:55.917863
22.0,161.0,93.0,24,4.0,HOLD,2026-03-09 18:05:55.950102
19.0,161.0,93.0,24,4.0,RETURN_HOME,2026-03-09 18:05:55.980730
15.0,161.0,93.0,24,4.0,RETURN_HOME,2026-03-09 18:05:56.012823
14.0,161.0,93.0,24,4.0,RETURN_HOME,2026-03-09 18:05:56.041356
13.0,161.0,93.0,24,4.0,RETURN_HOME,2026-03-09 18:05:56.080638
12.0,161.0,93.0,24,4.0,RETURN_HOME,2026-03-09 18:05:56.112176
11.0,161.0,93.0,24,4.0,RETURN_HOME,2026-03-09 18:05:56.149468
10.0,161.0,93.0,24,4.0,RETURN_HOME,2026-03-09 18:05:56.187685
8.0,161.0,93.0,24,4.0,RETURN_HOME,2026-03-09 18:05:56.230211
6.0,161.0,93.0,24,4.0,RETURN_HOME,2026-03-09 18:05:56.271065
5.0,161.0,93.0,24,4.0,RETURN_HOME,2026-03-09 18:05:56.316988
6.0,161.0,93.0,24,4.0,RETURN_HOME,2026-03-09 18:05:56.360439
7.0,161.0,93.0,24,4.0,RETURN_HOME,2026-03-09 18:05:56.403450
8.0,161.0,93.0,24,4.0,RETURN_HOME,2026-03-09 18:05:56.448957
9.0,161.0,93.0,24,4.0,RETURN_HOME,2026-03-09 18:05:56.487551
10.0,161.0,93.0,24,4.0,RETURN_HOME,2026-03-09 18:05:56.530066
11.0,161.0,93.0,24,4.0,RETURN_HOME,2026-03-09 18:05:56.571395
13.0,161.0,93.0,24,4.0,RETURN_HOME,2026-03-09 18:05:56.617685
16.0,161.0,93.0,24,4.0,RETURN_HOME,2026-03-09 18:05:56.666675
17.0,161.0,93.0,24,4.0,RETURN_HOME,2026-03-09 18:05:56.716217
24.0,161.0,93.0,24,4.0,HOLD,2026-03-09 18:05:56.766343
27.0,161.0,93.0,24,4.0,HOLD,2026-03-09 18:05:56.816275
28.0,161.0,93.0,24,4.0,HOLD,2026-03-09 18:05:56.864206
29.0,161.0,93.0,24,4.0,HOLD,2026-03-09 18:05:56.911976
30.0,161.0,93.0,24,4.0,HOLD,2026-03-09 18:05:56.957966
29.0,161.0,93.0,24,4.0,HOLD,2026-03-09 18:05:57.092314
29.0,169.0,93.0,24,4.0,HOLD,2026-03-09 18:05:58.093475
29.0,174.0,93.0,24,4.0,HOLD,2026-03-09 18:05:58.136730
29.0,191.0,93.0,24,4.0,HOLD,2026-03-09 18:05:58.180541
29.0,222.0,93.0,24,4.0,HOLD,2026-03-09 18:05:58.229806
29.0,268.0,93.0,24,4.0,HOLD,2026-03-09 18:05:58.271160
29.0,324.0,93.0,24,4.0,HOLD,2026-03-09 18:05:58.323716
29.0,349.0,93.0,24,4.0,HOLD,2026-03-09 18:05:58.378354
29.0,372.0,93.0,24,4.0,HOLD,2026-03-09 18:05:58.427282
29.0,394.0,93.0,24,4.0,HOLD,2026-03-09 18:05:58.476517
29.0,398.0,93.0,24,4.0,HOLD,2026-03-09 18:05:58.521160
29.0,395.0,93.0,24,4.0,HOLD,2026-03-09 18:05:58.562887
29.0,390.0,93.0,24,4.0,HOLD,2026-03-09 18:05:58.619257
29.0,387.0,93.0,24,4.0,HOLD,2026-03-09 18:05:58.669154
29.0,378.0,93.0,24,4.0,HOLD,2026-03-09 18:05:58.719260
29.0,348.0,93.0,24,4.0,HOLD,2026-03-09 18:05:58.769917
29.0,278.0,93.0,24,4.0,HOLD,2026-03-09 18:05:58.826677
29.0,189.0,93.0,24,4.0,HOLD,2026-03-09 18:05:58.886488
29.0,157.0,93.0,24,4.0,HOLD,2026-03-09 18:05:58.949027
29.0,158.0,93.0,24,4.0,HOLD,2026-03-09 18:05:59.022810
29.0,165.0,93.0,24,4.0,HOLD,2026-03-09 18:05:59.080600
29.0,172.0,93.0,24,4.0,HOLD,2026-03-09 18:05:59.129708
30.0,172.0,93.0,24,4.0,HOLD,2026-03-09 18:06:03.288562
32.0,172.0,93.0,24,4.0,HOLD,2026-03-09 18:06:03.310740
36.0,172.0,93.0,24,4.0,HOLD,2026-03-09 18:06:03.332855
40.0,172.0,93.0,24,4.0,HOLD,2026-03-09 18:06:03.352170
45.0,172.0,93.0,24,4.0,HOLD,2026-03-09 18:06:03.371742
47.0,172.0,93.0,24,4.0,HOLD,2026-03-09 18:06:03.390819
51.0,172.0,93.0,24,4.0,HOLD,2026-03-09 18:06:03.415959
55.0,172.0,93.0,24,4.0,HOLD,2026-03-09 18:06:03.438431
59.0,172.0,93.0,24,4.0,HOLD,2026-03-09 18:06:03.457138
62.0,172.0,93.0,24,4.0,HOLD,2026-03-09 18:06:03.475343
64.0,172.0,93.0,24,4.0,HOLD,2026-03-09 18:06:03.495288
66.0,172.0,93.0,24,4.0,HOLD,2026-03-09 18:06:03.514743
68.0,172.0,93.0,24,4.0,HOLD,2026-03-09 18:06:03.536069
69.0,172.0,93.0,24,4.0,HOLD,2026-03-09 18:06:03.555196
71.0,172.0,93.0,24,4.0,HOLD,2026-03-09 18:06:03.575669
72.0,172.0,93.0,24,4.0,HOLD,2026-03-09 18:06:03.595396
73.0,172.0,93.0,24,4.0,HOLD,2026-03-09 18:06:03.614149
73.0,170.0,93.0,24,4.0,HOLD,2026-03-09 18:06:09.561123
73.0,181.0,93.0,24,4.0,HOLD,2026-03-09 18:06:09.592994
73.0,194.0,93.0,24,4.0,HOLD,2026-03-09 18:06:09.617869
73.0,215.0,93.0,24,4.0,HOLD,2026-03-09 18:06:09.641495
73.0,237.0,93.0,24,4.0,HOLD,2026-03-09 18:06:09.665433
73.0,264.0,93.0,24,4.0,HOLD,2026-03-09 18:06:09.692001
73.0,289.0,93.0,24,4.0,HOLD,2026-03-09 18:06:09.718952
73.0,340.0,93.0,24,4.0,HOLD,2026-03-09 18:06:09.745070
73.0,356.0,93.0,24,4.0,HOLD,2026-03-09 18:06:09.770200
73.0,311.0,93.0,24,4.0,HOLD,2026-03-09 18:06:09.794497
73.0,371.0,93.0,24,4.0,HOLD,2026-03-09 18:06:09.816756
73.0,382.0,93.0,24,4.0,HOLD,2026-03-09 18:06:09.840956
73.0,391.0,93.0,24,4.0,HOLD,2026-03-09 18:06:09.863806
73.0,397.0,93.0,24,4.0,HOLD,2026-03-09 18:06:09.887756
73.0,402.0,93.0,24,4.0,HOLD,2026-03-09 18:06:09.914227
73.0,406.0,93.0,24,4.0,HOLD,2026-03-09 18:06:09.936412
73.0,416.0,93.0,24,4.0,HOLD,2026-03-09 18:06:09.957403
73.0,422.0,93.0,24,4.0,HOLD,2026-03-09 18:06:09.983936
73.0,412.0,93.0,24,4.0,HOLD,2026-03-09 18:06:10.008447
73.0,427.0,93.0,24,4.0,HOLD,2026-03-09 18:06:10.032310
73.0,433.0,93.0,24,4.0,HOLD,2026-03-09 18:06:10.055351
73.0,435.0,93.0,24,4.0,HOLD,2026-03-09 18:06:10.078557
73.0,436.0,93.0,24,4.0,HOLD,2026-03-09 18:06:10.099956
73.0,436.0,93.0,27,4.0,HOLD,2026-03-09 18:06:13.283462
73.0,436.0,93.0,30,4.0,HOLD,2026-03-09 18:06:13.515792
73.0,436.0,93.0,36,4.0,HOLD,2026-03-09 18:06:13.534466
73.0,436.0,93.0,42,4.0,HOLD,2026-03-09 18:06:13.554596
73.0,436.0,93.0,46,4.0,HOLD,2026-03-09 18:06:13.580193
73.0,436.0,93.0,52,4.0,HOLD,2026-03-09 18:06:13.604263
73.0,436.0,93.0,58,4.0,HOLD,2026-03-09 18:06:13.625625
73.0,436.0,93.0,64,4.0,HOLD,2026-03-09 18:06:13.646137
73.0,436.0,93.0,66,4.0,HOLD,2026-03-09 18:06:13.665710
73.0,436.0,93.0,68,4.0,HOLD,2026-03-09 18:06:13.687614
73.0,436.0,93.0,70,4.0,HOLD,2026-03-09 18:06:13.709244
73.0,436.0,93.0,71,4.0,HOLD,2026-03-09 18:06:13.729961
73.0,436.0,93.0,72,4.0,HOLD,2026-03-09 18:06:13.747294
73.0,436.0,93.0,73,4.0,HOLD,2026-03-09 18:06:13.767086
73.0,436.0,93.0,74,4.0,HOLD,2026-03-09 18:06:13.788921
73.0,436.0,93.0,75,4.0,HOLD,2026-03-09 18:06:13.810816
73.0,436.0,93.0,77,4.0,HOLD,2026-03-09 18:06:13.833313
73.0,436.0,93.0,78,4.0,HOLD,2026-03-09 18:06:13.855992
73.0,436.0,93.0,80,4.0,HOLD,2026-03-09 18:06:13.877545
73.0,436.0,93.0,82,4.0,HOLD,2026-03-09 18:06:13.896301
73.0,436.0,93.0,85,4.0,HOLD,2026-03-09 18:06:13.914574
73.0,436.0,93.0,88,4.0,HOLD,2026-03-09 18:06:13.934674
73.0,436.0,93.0,89,4.0,HOLD,2026-03-09 18:06:13.958596
72.0,436.0,93.0,89,4.0,HOLD,2026-03-09 18:06:16.026513
73.0,436.0,93.0,89,4.0,HOLD,2026-03-09 18:06:16.045527
74.0,436.0,93.0,89,4.0,HOLD,2026-03-09 18:06:16.064564
75.0,436.0,93.0,89,4.0,HOLD,2026-03-09 18:06:16.094588
76.0,436.0,93.0,89,4.0,HOLD,2026-03-09 18:06:16.112994
77.0,436.0,93.0,89,4.0,HOLD,2026-03-09 18:06:16.143496
78.0,436.0,93.0,89,4.0,HOLD,2026-03-09 18:06:16.194337
8.0,436.0,93.0,89,4.0,RETURN_HOME,2026-03-09 18:06:26.464606
83.0,436.0,93.0,89,4.0,HOLD,2026-03-09 18:06:32.729787
83.0,436.0,93.0,56,4.0,HOLD,2026-03-09 18:06:35.235480
83.0,436.0,50.0,56,4.0,HOLD,2026-03-09 18:06:37.139294
83.0,209.0,50.0,56,4.0,HOLD,2026-03-09 18:06:40.899786
34.0,209.0,50.0,56,4.0,HOLD,2026-03-09 18:06:42.065914
